Wall time,Step,Value
1748272358.973197,18,0.0009414516389369965
1748272373.7051425,47,0.0009414516389369965
1748272381.2891278,62,0.0009414516389369965
1748272381.795229,63,0.0009414516389369965
1748272394.9491065,89,0.0009414516389369965
1748272402.053127,103,0.0009414516389369965
1748272404.0823367,107,0.0009414516389369965
1748272414.6631744,128,0.0009414516389369965
1748272432.9232602,164,0.0009414516389369965
1748272436.9998167,172,0.0009414516389369965
1748272446.6079657,191,0.0009414516389369965
1748272452.6929922,203,0.0009414516389369965
1748272465.8535473,229,0.0009414516389369965
1748272473.4531577,244,0.0009414516389369965
1748272481.0665057,259,0.0009414516389369965
1748272492.7581701,282,0.0009414516389369965
1748272494.2819898,285,0.0009414516389369965
1748272510.0537133,316,0.0009414516389369965
1748272511.5724726,319,0.0009414516389369965
1748272535.4491303,366,0.000941392092499882
1748272545.6892874,386,0.0009413723018951714
1748272553.79834,402,0.0009413524530827999
1748272560.4501963,415,0.0009413326042704284
1748272571.709149,437,0.0009413028601557016
1748272576.321408,446,0.0009412830113433301
1748272586.0202248,465,0.0009412532672286034
1748272591.155808,475,0.0009412433719262481
1748272594.1967227,481,0.0009412334184162319
1748272609.0685177,510,0.0009411937789991498
1748272620.7211423,533,0.0009411739301867783
1748272623.3278098,538,0.000941164034884423
1748272624.3383539,540,0.000941164034884423
1748272632.4991384,556,0.0009411342907696962
1748272635.577158,562,0.00094112433725968
1748272651.8811328,594,0.000941084697842598
1748272652.8954053,596,0.000941084697842598
1748272673.8307543,637,0.0009410252096131444
1748272676.9657905,643,0.0009410152561031282
1748272677.4731321,644,0.0009410152561031282
1748272684.5715308,658,0.0009410053608007729
1748272693.2631965,675,0.0009409855119884014
1748272716.703199,721,0.0009409161284565926
1748272738.5537822,764,0.000940856640227139
1748272744.1767306,775,0.0009408368496224284
1748272758.9531693,804,0.0009407972102053463
1748272786.0436606,857,0.0009407278266735375
1748272790.6128678,866,0.0009407178731635213
1748272800.7891345,886,0.0009406881872564554
1748272829.3966444,942,0.0009406188037246466
1748272858.4611108,999,0.0009405295713804662
1748272866.5531418,1015,0.0009405097807757556
1748272870.1131828,1022,0.0009404998854734004
1748272872.165389,1026,0.0009404899319633842
1748272877.7961533,1037,0.0009404800366610289
1748272887.5248098,1056,0.000940450350753963
1748272895.2143497,1071,0.0009404305019415915
1748272898.245392,1077,0.0009404305019415915
1748272914.4652424,1109,0.0009403809672221541
1748272915.4778938,1111,0.0009403809672221541
1748272922.577202,1125,0.0009403611766174436
1748272926.1251767,1132,0.0009403512231074274
1748272935.82323,1151,0.0009403314325027168
1748272936.3316169,1152,0.0009403314325027168
1748272942.4168718,1164,0.0009403115836903453
1748272947.5612082,1174,0.00094030168838799
1748272948.5740678,1176,0.00094030168838799
1748272952.768172,1184,0.0009402818977832794
1748272970.0523508,1218,0.0009402422583661973
1748272987.3531227,1252,0.00094019272364676
1748272988.3931453,1254,0.00094019272364676
1748272989.9090147,1257,0.00094019272364676
1748272991.95782,1261,0.0009401828283444047
1748272995.0000918,1267,0.0009401828283444047
1748272997.0319262,1271,0.0009401729330420494
1748273024.6093502,1325,0.0009401036077179015
1748273034.7251322,1345,0.0009400738636031747
1748273050.1851182,1375,0.0009400441776961088
1748273050.6931157,1376,0.0009400441776961088
1748273071.5722284,1417,0.0009399847476743162
1748273091.9591372,1457,0.0009399352129548788
1748273092.4622989,1458,0.0009399253176525235
1748273110.8051348,1494,0.0009398856782354414
1748273114.8892362,1502,0.0009398757829330862
1748273118.9383664,1510,0.0009398658876307309
1748273120.4917426,1513,0.0009398559923283756
1748273138.3168454,1548,0.0009398064576089382
1748273139.841845,1551,0.0009398064576089382
1748273147.0432181,1565,0.0009397866670042276
1748273148.5732489,1568,0.0009397866670042276
1748273157.329102,1585,0.0009397668763995171
1748273162.9691389,1596,0.0009397470857948065
1748273178.7533166,1627,0.0009396975510753691
1748273182.8504171,1635,0.0009396876557730138
1748273200.6567838,1670,0.0009396480745635927
1748273208.2952268,1685,0.0009396282839588821
1748273217.0396745,1702,0.0009396084933541715
1748273218.0551953,1704,0.0009396084933541715
1748273221.5971823,1711,0.0009395985398441553
1748273255.3811193,1777,0.0009394995868206024
1748273290.9552052,1847,0.0009394104708917439
1748273297.5886574,1860,0.0009394005755893886
1748273301.1370988,1867,0.0009393906802870333
1748273317.5035279,1899,0.0009393412037752569
1748273319.0315228,1902,0.0009393412037752569
1748273322.6132135,1909,0.0009393313084729016
1748273338.4657876,1940,0.0009392917272634804
1748273348.6890807,1960,0.0009392620413564146
1748273349.1920676,1961,0.0009392620413564146
1748273358.3491125,1979,0.0009392323554493487
1748273404.8382385,2070,0.0009391235071234405
1748273409.4211426,2079,0.0009391136118210852
1748273414.4891644,2089,0.0009391037165187299
1748273420.054375,2100,0.0009390938212163746
1748273475.879454,2209,0.0009389453916810453
1748273491.1531181,2239,0.000938905868679285
1748273532.2050889,2319,0.0009388069156557322
1748273552.7530046,2359,0.0009387574973516166
1748273570.5670958,2394,0.0009387080208398402
1748273592.1090658,2436,0.0009386981255374849
1748273594.792755,2441,0.0009386981255374849
1748273601.3770034,2454,0.0009386981255374849
1748273605.5812042,2462,0.0009386981255374849
1748273607.1823208,2465,0.0009386981255374849
1748273617.3702264,2485,0.0009386981255374849
1748273626.629675,2503,0.0009386981255374849
1748273633.74813,2517,0.0009386981255374849
1748273634.7626119,2519,0.0009386981255374849
1748273640.5060956,2530,0.0009386981255374849
1748273664.6091933,2577,0.0009386981255374849
1748273665.1332805,2578,0.0009386981255374849
1748273676.0725846,2599,0.0009386981255374849
1748273690.419904,2627,0.0009386981255374849
1748273694.6083853,2635,0.0009386981255374849
1748273698.78646,2643,0.0009386981255374849
1748273719.81322,2684,0.0009386981255374849
1748273724.465189,2693,0.0009386981255374849
1748273732.1771064,2708,0.0009386981255374849
1748273736.8237543,2717,0.0009386981255374849
1748273745.559441,2734,0.0009386981255374849
1748273748.6422136,2740,0.0009386981255374849
1748273755.289122,2753,0.0009386882302351296
1748273755.8302472,2754,0.0009386783349327743
1748273756.3370757,2755,0.0009386783349327743
1748273761.4121182,2765,0.000938668439630419
1748273762.970054,2768,0.000938668439630419
1748273771.6931112,2785,0.0009386487072333694
1748273785.4331322,2812,0.0009386091260239482
1748273796.629242,2834,0.0009385794401168823
1748273801.6848948,2844,0.0009385596495121717
1748273810.283227,2861,0.0009385300218127668
1748273840.6705003,2921,0.0009384311269968748
1748273856.3675263,2952,0.0009383817086927593
1748273857.8851342,2955,0.000938371813390404
1748273861.423156,2962,0.0009383619180880487
1748273867.0266118,2973,0.0009383421274833381
1748273898.1815557,3034,0.0009382531861774623
1748273904.761388,3047,0.0009382333955727518
1748273923.065391,3083,0.0009381641866639256
1748273923.570466,3084,0.0009381641866639256
1748273933.1778376,3103,0.0009381345589645207
1748273933.6826754,3104,0.0009381345589645207
1748273934.1971781,3105,0.0009381345589645207
1748273941.271438,3119,0.0009381049312651157
1748273941.7760868,3120,0.0009381049312651157
1748273942.2812808,3121,0.0009381049312651157
1748273954.6856186,3145,0.0009380653500556946
1748273968.9014845,3173,0.000938015931751579
1748273978.5633433,3192,0.0009379863040521741
1748273982.1032975,3199,0.0009379764087498188
1748273991.2454135,3217,0.0009379467810504138
1748273992.7629035,3220,0.0009379368857480586
1748274003.404428,3241,0.0009378973627462983
1748274015.7267263,3265,0.0009378578397445381
1748274017.2410452,3268,0.0009378578397445381
1748274036.4799628,3306,0.0009377985261380672
1748274053.6947684,3340,0.0009377392707392573
1748274061.8032005,3356,0.0009377096430398524
1748274076.657141,3385,0.0009376701200380921
1748274086.3419027,3404,0.0009376404923386872
1748274115.3308513,3461,0.0009375515510328114
1748274126.4697108,3483,0.0009375120862387121
1748274126.9738073,3484,0.0009375120862387121
1748274130.5414944,3491,0.0009374922956340015
1748274135.2385182,3500,0.0009374824003316462
1748274148.4113564,3526,0.0009374330402351916
1748274168.7168584,3566,0.0009373638895340264
1748274170.2353122,3569,0.0009373638895340264
1748274185.9785223,3600,0.0009373046341352165
1748274192.838909,3613,0.0009372849017381668
1748274194.353193,3616,0.0009372849017381668
1748274213.6451142,3654,0.0009372157510370016
1748274215.1677845,3657,0.0009372059139423072
1748274216.1801965,3659,0.0009372059139423072
1748274217.191832,3661,0.0009372059139423072
1748274218.7066858,3664,0.0009371960186399519
1748274220.7371209,3668,0.0009371960186399519
1748274222.2578375,3671,0.0009371861233375967
1748274231.8837676,3690,0.0009371565538458526
1748274243.0491986,3712,0.0009371170308440924
1748274245.5832677,3717,0.0009371071355417371
1748274268.138873,3761,0.0009370281477458775
1748274278.7870188,3782,0.0009369985782541335
1748274312.2896857,3848,0.0009368801256641746
1748274313.3047757,3850,0.0009368801256641746
1748274322.9359004,3869,0.0009368504979647696
1748274339.678158,3902,0.0009367912425659597
1748274344.2650795,3911,0.0009367814054712653
1748274346.291745,3915,0.00093677151016891
1748274349.3361838,3921,0.0009367616730742157
1748274355.4219337,3933,0.000936741940677166
1748274356.9448783,3936,0.0009367320453748107
1748274376.8333337,3975,0.0009366629528813064
1748274395.6363392,4012,0.0009366037556901574
1748274396.649716,4014,0.0009366037556901574
1748274401.2212017,4023,0.0009365840232931077
1748274406.8250291,4034,0.0009365642908960581
1748274409.8748777,4040,0.0009365543955937028
1748274413.441186,4047,0.0009365445584990084
1748274432.3360028,4084,0.0009364754660055041
1748274445.0249848,4109,0.0009364360012114048
1748274448.0825377,4115,0.0009364261641167104
1748274451.1279178,4121,0.0009364162688143551
1748274452.6424649,4124,0.0009364064317196608
1748274463.8781486,4146,0.0009363669669255614
1748274481.6665404,4181,0.0009363077697344124
1748274487.352338,4192,0.0009362880373373628
1748274505.1722517,4227,0.0009362288401462138
1748274520.4481983,4257,0.0009361795382574201
1748274551.4965143,4318,0.0009360808762721717
1748274556.6057322,4328,0.0009360710391774774
1748274590.7785478,4395,0.0009359527030028403
1748274615.2777,4443,0.0009358639363199472
1748274620.8548775,4454,0.0009358442039228976
1748274656.9491353,4525,0.0009357259259559214
1748274662.1163263,4535,0.0009357061935588717
1748274664.1589751,4539,0.0009356962982565165
1748274676.8635335,4564,0.000935656891670078
1748274699.8161879,4609,0.0009355780202895403
1748274701.350119,4612,0.0009355681831948459
1748274720.1076097,4649,0.0009355090442113578
1748274725.2020695,4659,0.0009354893118143082
1748274738.9853184,4686,0.0009354499052278697
1748274741.0183165,4690,0.0009354400099255145
1748274742.0330725,4692,0.0009354301728308201
1748274745.073261,4698,0.0009354203357361257
1748274749.623557,4707,0.0009354104986414313
1748274761.3520458,4730,0.000935371033847332
1748274764.9320343,4737,0.0009353611967526376
1748274776.096974,4759,0.0009353217901661992
1748274784.7473452,4776,0.0009352922206744552
1748274785.2531486,4777,0.0009352922206744552
1748274800.482744,4807,0.0009352429187856615
1748274812.20228,4830,0.000935203512199223
1748274813.2223444,4832,0.0009351936751045287
1748274814.7418606,4835,0.0009351936751045287
1748274815.2521813,4836,0.0009351936751045287
1748274819.3285134,4844,0.000935173942707479
1748274838.8330333,4882,0.0009351148619316518
1748274853.086158,4910,0.000935065618250519
1748274862.737664,4929,0.0009350262116640806
1748274868.3440647,4940,0.000935006479267031
1748274872.9416213,4949,0.0009349966421723366
1748274888.6647267,4980,0.0009349375031888485
1748274894.508541,4991,0.0009349178289994597
1748274922.9192214,5047,0.0009348193416371942
1748274932.5326855,5066,0.0009347897721454501
1748274939.1386375,5079,0.0009347700979560614
1748274943.7484376,5088,0.0009347503655590117
1748274944.766468,5090,0.0009347503655590117
1748274966.211043,5132,0.0009346716105937958
1748274968.2315373,5136,0.0009346716105937958
1748274970.2586133,5140,0.0009346617734991014
1748274975.8257656,5151,0.0009346518781967461
1748274977.371364,5154,0.0009346420411020517
1748274977.8791888,5155,0.0009346420411020517
1748274994.1330297,5187,0.0009345927974209189
1748275000.7316113,5200,0.0009345632861368358
1748275009.8615656,5218,0.0009345337166450918
1748275013.523453,5225,0.0009345238795503974
1748275020.1233718,5238,0.0009345042053610086
1748275027.7348068,5253,0.0009344746358692646
1748275032.3193052,5262,0.0009344549616798759
1748275033.8416224,5265,0.0009344549616798759
1748275049.1005402,5295,0.000934405776206404
1748275061.3341763,5319,0.0009343565325252712
1748275062.861137,5322,0.0009343565325252712
1748275063.8802543,5324,0.0009343466954305768
1748275065.9142444,5328,0.0009343466954305768
1748275083.2193336,5362,0.0009342876146547496
1748275087.337354,5370,0.0009342679404653609
1748275104.2172532,5403,0.0009342088596895337
1748275125.578319,5445,0.0009341400000266731
1748275130.15805,5454,0.0009341301047243178
1748275132.6990044,5459,0.0009341202676296234
1748275155.5545316,5504,0.0009340415708720684
1748275158.1004078,5509,0.000934031733777374
1748275164.1861248,5521,0.0009340120595879853
1748275187.5577924,5567,0.0009339628159068525
1748275239.2766,5667,0.0009339628159068525
1748275271.8730233,5730,0.0009339628159068525
1748275286.2617137,5758,0.0009339628159068525
1748275298.0312662,5781,0.0009339628159068525
1748275324.3813949,5832,0.0009339628159068525
1748275341.787924,5866,0.0009339628159068525
1748275348.500622,5879,0.0009339628159068525
1748275384.0572126,5948,0.0009339628159068525
1748275388.1213286,5956,0.0009339628159068525
1748275392.1811872,5964,0.0009339628159068525
1748275400.8598828,5981,0.0009339628159068525
1748275409.130111,5997,0.0009339628159068525
1748275415.2641046,6009,0.0009339628159068525
1748275433.7809598,6045,0.0009339628159068525
1748275437.8626263,6053,0.0009339628159068525
1748275450.792472,6078,0.0009339628159068525
1748275467.9274895,6111,0.0009339628159068525
1748275468.9573808,6113,0.0009339628159068525
1748275479.290318,6133,0.0009339628159068525
1748275481.9201484,6138,0.0009339628159068525
1748275482.9728515,6140,0.0009339628159068525
1748275483.9922378,6142,0.0009339628159068525
1748275497.5420027,6168,0.0009339628159068525
1748275526.9749308,6225,0.0009339628159068525
1748275536.2571049,6243,0.0009339628159068525
1748275554.9425595,6279,0.0009339628159068525
1748275555.9801047,6281,0.0009339628159068525
1748275565.9238932,6300,0.0009339628159068525
1748275582.6371818,6332,0.0009339628159068525
1748275583.6517842,6334,0.0009339628159068525
1748275596.0052164,6358,0.0009339628159068525
1748275596.5622106,6359,0.0009339628159068525
1748275599.1491024,6364,0.0009339628159068525
1748275601.6831408,6369,0.0009339628159068525
1748275656.029153,6473,0.0009339628159068525
1748275665.2741735,6491,0.0009339628159068525
1748275684.3593073,6528,0.0009339628159068525
1748275685.9191034,6531,0.0009339628159068525
1748275693.734287,6546,0.0009339628159068525
1748275696.3659918,6551,0.0009339628159068525
1748275703.1298583,6564,0.0009339628159068525
1748275705.78223,6569,0.0009339628159068525
1748275714.153903,6585,0.0009339628159068525
1748275716.7731476,6590,0.0009339628159068525
1748275719.3390896,6595,0.0009339628159068525
1748275721.4461782,6599,0.0009339628159068525
1748275729.7316206,6615,0.0009339628159068525
1748275747.2290902,6649,0.0009339628159068525
1748275759.5373497,6673,0.0009339628159068525
1748275783.829224,6720,0.0009339628159068525
1748275789.0063446,6730,0.0009339628159068525
1748275791.1121836,6734,0.0009339628159068525
1748275799.361128,6750,0.0009339628159068525
1748275805.005156,6761,0.0009339628159068525
1748275817.3460057,6785,0.0009339628159068525
1748275826.0608046,6802,0.0009339628159068525
1748275846.8195558,6842,0.0009339628159068525
1748275851.0557687,6850,0.0009339628159068525
1748275855.7931209,6859,0.0009339628159068525
1748275864.0611272,6875,0.0009339628159068525
1748275885.3402586,6916,0.0009339628159068525
1748275886.9452093,6919,0.0009339628159068525
1748275892.5574887,6930,0.0009339628159068525
1748275915.917165,6975,0.0009339628159068525
1748275924.266812,6991,0.0009339628159068525
1748275926.9091904,6996,0.0009339628159068525
1748275927.9215307,6998,0.0009339628159068525
1748275938.1992981,7018,0.0009339628159068525
1748275943.9286108,7029,0.0009339628159068525
1748275956.8784947,7054,0.0009339628159068525
1748275989.2559867,7117,0.0009339628159068525
1748275990.7918627,7120,0.0009339628159068525
1748275993.8358126,7126,0.0009339628159068525
1748276013.5559638,7164,0.0009339628159068525
1748276020.7851388,7178,0.0009339628159068525
1748276021.8372104,7180,0.0009339628159068525
1748276035.779674,7207,0.0009339628159068525
1748276045.043365,7225,0.0009339628159068525
1748276059.4371014,7253,0.0009339628159068525
1748276070.4527733,7274,0.0009339628159068525
1748276087.9611049,7308,0.0009339628159068525
1748276101.3811915,7334,0.0009339628159068525
1748276103.5472853,7338,0.0009339628159068525
1748276111.2086413,7353,0.0009339628159068525
1748276118.3349814,7367,0.0009339628159068525
1748276147.4691296,7424,0.0009339628159068525
1748276153.0544748,7435,0.0009339628159068525
1748276153.5611608,7436,0.0009339628159068525
1748276167.826114,7464,0.0009339628159068525
1748276169.8767855,7468,0.0009339628159068525
1748276170.9207325,7470,0.0009339628159068525
1748276177.0290685,7482,0.0009339628159068525
1748276189.2597528,7506,0.0009339628159068525
1748276195.406729,7518,0.0009339628159068525
1748276199.5249054,7526,0.0009339628159068525
1748276202.5571303,7532,0.0009339628159068525
1748276208.1312623,7543,0.0009339628159068525
1748276212.1959329,7551,0.0009339628159068525
1748276213.2292368,7553,0.0009339628159068525
1748276233.739275,7593,0.0009339628159068525
1748276238.3197641,7602,0.0009339628159068525
1748276239.3357935,7604,0.0009339628159068525
1748276240.869343,7607,0.0009339628159068525
1748276256.722952,7638,0.0009339628159068525
1748276259.769427,7644,0.0009339628159068525
1748276267.973799,7660,0.0009339628159068525
1748276302.1529875,7727,0.0009339628159068525
1748276303.7165933,7730,0.0009339628159068525
1748276316.9771805,7756,0.0009339628159068525
1748276319.5523117,7761,0.0009339628159068525
1748276336.3922396,7794,0.0009339628159068525
1748276336.925792,7795,0.0009339628159068525
1748276350.2102463,7821,0.0009339628159068525
1748276358.8996184,7838,0.0009339628159068525
1748276360.931369,7842,0.0009339628159068525
1748276365.0343332,7850,0.0009339628159068525
1748276367.5927956,7855,0.0009339628159068525
1748276368.0977795,7856,0.0009339628159068525
1748276371.1764572,7862,0.0009339628159068525
1748276388.0248578,7895,0.0009339628159068525
1748276391.1050174,7901,0.0009339628159068525
1748276403.8849545,7926,0.0009339628159068525
1748276405.409598,7929,0.0009339628159068525
1748276434.3791714,7986,0.000933923467528075
1748276464.9627054,8046,0.0009338349336758256
1748276469.0112977,8054,0.0009338250965811312
1748276481.1331189,8078,0.0009337857482023537
1748276490.22633,8096,0.0009337561787106097
1748276503.4331954,8122,0.0009337168303318322
1748276514.577436,8144,0.0009336774819530547
1748276524.2361128,8163,0.0009336381335742772
1748276524.7408104,8164,0.0009336381335742772
1748276538.9817863,8192,0.0009335889481008053
1748276551.1719508,8216,0.0009335496579296887
1748276557.9258873,8229,0.0009335299837402999
1748276571.1630712,8255,0.0009334807982668281
1748276582.3467448,8277,0.0009334414498880506
1748276585.3832295,8283,0.0009334316127933562
1748276589.4376884,8291,0.0009334217756986618
1748276591.9716537,8296,0.0009334119386039674
1748276620.5369787,8352,0.0009333136258646846
1748276626.1083126,8363,0.0009332939516752958
1748276633.192113,8377,0.0009332742774859071
1748276643.418853,8397,0.0009332349291071296
1748276650.584456,8411,0.0009332152549177408
1748276653.1459975,8416,0.0009332054178230464
1748276691.3096125,8491,0.0009330776520073414
1748276706.5587158,8521,0.0009330284665338695
1748276711.1548214,8530,0.0009330087923444808
1748276720.2963164,8548,0.0009329793392680585
1748276723.338627,8554,0.0009329695021733642
1748276728.0294116,8563,0.0009329498279839754
1748276756.0391722,8618,0.0009328515152446926
1748276757.0537717,8620,0.0009328515152446926
1748276760.6065042,8627,0.0009328417363576591
1748276776.8364477,8659,0.0009327827137894928
1748276778.8741405,8663,0.0009327729349024594
1748276794.8220222,8694,0.0009327237494289875
1748276797.8621993,8700,0.000932713970541954
1748276806.9953372,8718,0.0009326844592578709
1748276810.035596,8724,0.0009326746221631765
1748276824.2542677,8752,0.0009326254948973656
1748276825.2678497,8754,0.0009326156578026712
1748276836.5060823,8776,0.0009325763676315546
1748276837.5228076,8778,0.0009325763676315546
1748276842.6287594,8788,0.0009325567516498268
1748276848.2252924,8799,0.000932537077460438
1748276860.411553,8823,0.0009324977872893214
1748276865.4803395,8833,0.0009324781130999327
1748276881.7304106,8865,0.0009324289858341217
1748276884.3117568,8870,0.0009324192069470882
1748276887.8693452,8877,0.0009323995327576995
1748276893.4402394,8888,0.0009323798585683107
1748276908.1423602,8917,0.0009323405683971941
1748276910.1676877,8921,0.0009323405683971941
1748276942.6881337,8985,0.0009322226978838444
1748276945.240083,8990,0.0009322129189968109
1748276953.3988824,9006,0.0009321932448074222
1748276967.1767747,9033,0.0009321441757492721
1748276975.3010075,9049,0.000932114664465189
1748276979.8855658,9058,0.0009320950484834611
1748276985.9815345,9070,0.0009320754325017333
1748277009.8678179,9117,0.0009319968521595001
1748277011.895614,9121,0.0009319870150648057
1748277027.664969,9152,0.0009319379460066557
1748277047.0095882,9190,0.0009318692027591169
1748277053.6533053,9203,0.0009318397496826947
1748277058.2486656,9212,0.0009318299125880003
1748277063.3209512,9222,0.0009318102966062725
1748277065.340446,9226,0.0009318102966062725
1748277078.8689446,9252,0.0009317612275481224
1748277098.7252803,9291,0.0009316924843005836
1748277104.8128514,9303,0.0009316728683188558
1748277105.8247964,9305,0.0009316728683188558
1748277109.405278,9312,0.0009316532523371279
1748277117.0603497,9327,0.0009316335781477392
1748277126.295206,9345,0.000931604125071317
1748277133.4684703,9359,0.0009315845090895891
1748277136.5139394,9365,0.0009315746719948947
1748277140.0819595,9372,0.0009315550560131669
1748277142.619422,9377,0.0009315550560131669
1748277147.7200637,9387,0.0009315354400314391
1748277175.1305962,9441,0.000931437301915139
1748277176.1457713,9443,0.000931437301915139
1748277182.7446349,9456,0.0009314078488387167
1748277199.0033076,9488,0.0009313587797805667
1748277200.0235605,9490,0.0009313490008935332
1748277224.4244924,9538,0.000931270478758961
1748277229.0240364,9547,0.0009312508627772331
1748277233.5814562,9556,0.0009312410256825387
1748277238.6618633,9566,0.0009312214097008109
1748277252.3600612,9593,0.0009311723406426609
1748277256.4447832,9601,0.0009311625617556274
1748277259.5113597,9607,0.000931152724660933
1748277292.000993,9671,0.000931035028770566
1748277292.5090914,9672,0.000931035028770566
1748277302.6842318,9692,0.0009309957968071103
1748277308.9928043,9704,0.0009309761808253825
1748277313.0507598,9712,0.0009309663437306881
1748277325.2382607,9736,0.0009309271117672324
1748277333.867234,9753,0.0009308977168984711
1748277334.372903,9754,0.0009308878798037767
1748277343.50906,9772,0.0009308682638220489
1748277364.378538,9813,0.0009307996369898319
1748277370.0941699,9824,0.0009307800210081041
1748277376.6950362,9837,0.0009307604050263762
1748277383.3061125,9850,0.0009307407890446484
1748277391.946551,9867,0.0009307015570811927
1748277405.6871002,9894,0.0009306623251177371
1748277410.7794392,9904,0.0009306427091360092
1748277416.8729918,9916,0.0009306230931542814
1748277417.3809125,9917,0.0009306133142672479
1748277433.1393135,9948,0.0009305643034167588
1748277433.6470654,9949,0.0009305643034167588
1748277434.1549082,9950,0.0009305643034167588
1748277439.2289486,9960,0.0009305446874350309
1748277445.8153255,9973,0.0009305250714533031
1748277448.8589242,9979,0.0009305152925662696
1748277452.9659302,9987,0.0009304956765845418
1748277456.0108137,9993,0.0009304858394898474
1748277491.623065,10063,0.0009303682018071413
1748277505.3861835,10090,0.0009303191909566522
1748277521.1083283,10121,0.0009302604012191296
1748277523.6450014,10126,0.0009302506223320961
1748277529.739986,10138,0.0009302310063503683
1748277556.8608277,10191,0.0009301526006311178
1748277565.5538185,10208,0.0009301232057623565
1748277569.129348,10215,0.0009301133686676621
1748277596.6759324,10269,0.0009300154051743448
1748277602.515139,10280,0.0009299957891926169
1748277634.0360212,10342,0.0009298880468122661
1748277635.5528638,10345,0.0009298880468122661
1748277636.0578887,10346,0.0009298782097175717
1748277661.0331368,10395,0.0009298292570747435
1748277686.497199,10445,0.0009297508513554931
1748277689.5372033,10451,0.0009297410724684596
1748277690.045848,10452,0.0009297410724684596
1748277693.1141744,10458,0.0009297410724684596
1748277714.9377298,10501,0.0009296725038439035
1748277725.2141018,10518,0.0009296529460698366
1748277742.0331695,10551,0.000929594156332314
1748277747.1131027,10561,0.0009295843774452806
1748277753.2671824,10573,0.0009295647614635527
1748277764.9356184,10596,0.000929525587707758
1748277774.0851886,10614,0.000929506029933691
1748277783.849139,10633,0.0009294766350649297
1748277788.9376333,10643,0.0009294570190832019
1748277789.945798,10645,0.0009294570190832019
1748277821.652884,10707,0.0009293688926845789
1748277826.765174,10717,0.000929349334910512
1748277830.3099046,10724,0.0009293395560234785
1748277832.8418827,10729,0.0009293395560234785
1748277840.946887,10745,0.0009293101611547172
1748277844.549132,10752,0.0009293003822676837
1748277851.1292312,10765,0.0009292807662859559
1748277854.179321,10771,0.0009292709873989224
1748277890.459195,10842,0.0009292514296248555
1748277918.5086575,10897,0.0009292514296248555
1748277920.5336394,10901,0.0009292514296248555
1748277958.778109,10976,0.0009292514296248555
1748277982.3087971,11022,0.0009292514296248555
1748277982.8149076,11023,0.0009292514296248555
1748277985.3559954,11028,0.0009292514296248555
1748277989.4278119,11036,0.0009292514296248555
1748277998.5612388,11054,0.0009292514296248555
1748278018.9860756,11094,0.0009292514296248555
1748278031.1767647,11118,0.0009292514296248555
1748278034.246371,11124,0.0009292514296248555
1748278034.7491083,11125,0.0009292514296248555
1748278038.8163786,11133,0.0009292514296248555
1748278052.0317848,11159,0.0009292514296248555
1748278057.646274,11170,0.0009292514296248555
1748278077.0331616,11208,0.0009292514296248555
1748278079.0809495,11212,0.0009292514296248555
1748278082.1507182,11218,0.0009292514296248555
1748278085.718882,11225,0.0009292514296248555
1748278086.2410252,11226,0.0009292514296248555
1748278101.5091712,11256,0.0009292514296248555
1748278139.1169283,11330,0.0009292514296248555
1748278139.6257484,11331,0.0009292514296248555
1748278143.704872,11339,0.0009292514296248555
1748278156.4858484,11364,0.0009292514296248555
1748278171.6836643,11394,0.0009292514296248555
1748278176.7542486,11404,0.0009292514296248555
1748278179.3140476,11409,0.0009292514296248555
1748278196.6931186,11443,0.0009292514296248555
1748278199.2629333,11448,0.0009292514296248555
1748278200.2689042,11450,0.0009292514296248555
1748278205.9367945,11461,0.0009292514296248555
1748278206.9497108,11463,0.0009292514296248555
1748278239.1112986,11526,0.0009292514296248555
1748278261.4453168,11570,0.0009292514296248555
1748278265.511213,11578,0.0009292514296248555
1748278282.3295507,11611,0.0009292514296248555
1748278325.6797707,11696,0.0009292514296248555
1748278334.3977757,11713,0.0009292514296248555
1748278346.1137168,11736,0.0009292514296248555
1748278353.3580031,11750,0.0009292514296248555
1748278356.4736009,11756,0.0009292514296248555
1748278361.0618527,11765,0.0009292514296248555
1748278371.8253458,11786,0.0009292514296248555
1748278387.5520515,11817,0.0009292514296248555
1748278388.5625064,11819,0.0009292514296248555
1748278390.613226,11823,0.0009292514296248555
1748278397.2944975,11836,0.0009292514296248555
1748278401.3901737,11844,0.0009292514296248555
1748278402.8994806,11847,0.0009292514296248555
1748278404.947115,11851,0.0009292514296248555
1748278413.0694573,11867,0.0009292514296248555
1748278417.7197187,11876,0.0009292514296248555
1748278420.7618148,11882,0.0009292514296248555
1748278439.6813903,11919,0.0009292514296248555
1748278450.836617,11941,0.0009292514296248555
1748278458.0234118,11955,0.0009292514296248555
1748278465.6552968,11970,0.0009292514296248555
1748278466.7053027,11972,0.0009292514296248555
1748278469.2737982,11977,0.0009292514296248555
1748278487.103165,12012,0.0009292514296248555
1748278494.756017,12027,0.0009292514296248555
1748278510.0511563,12057,0.0009292514296248555
1748278513.1038628,12063,0.0009292514296248555
1748278515.685195,12068,0.0009292514296248555
1748278519.7659426,12076,0.0009292514296248555
1748278549.8882568,12135,0.0009292514296248555
1748278570.2511714,12175,0.0009292514296248555
1748278572.2820525,12179,0.0009292514296248555
1748278588.0145576,12210,0.0009292514296248555
1748278600.6656945,12235,0.0009292514296248555
1748278606.2612853,12246,0.0009292514296248555
1748278614.455934,12262,0.0009292514296248555
1748278619.0452592,12271,0.0009292514296248555
1748278634.8540084,12302,0.0009292514296248555
1748278635.870032,12304,0.0009292514296248555
1748278637.9391675,12308,0.0009292514296248555
1748278642.0566514,12316,0.0009292514296248555
1748278656.8459754,12345,0.0009292514296248555
1748278661.457168,12354,0.0009292514296248555
1748278664.0258954,12359,0.0009292514296248555
1748278667.5741305,12366,0.0009292514296248555
1748278669.6050463,12370,0.0009292514296248555
1748278681.8170314,12394,0.0009292514296248555
1748278683.8890793,12398,0.0009292514296248555
1748278684.8970761,12400,0.0009292514296248555
1748278695.5543814,12421,0.0009292514296248555
1748278696.0617497,12422,0.0009292514296248555
1748278703.7221062,12437,0.0009292514296248555
1748278706.776077,12443,0.0009292514296248555
1748278709.8266048,12449,0.0009292514296248555
1748278723.5450733,12476,0.0009292514296248555
1748278724.5740616,12478,0.0009292514296248555
1748278725.6092155,12480,0.0009292514296248555
1748278747.0077088,12522,0.0009292514296248555
1748278763.3526964,12554,0.0009292514296248555
1748278787.3509526,12601,0.0009292024769820273
1748278811.2198627,12648,0.0009291339665651321
1748278813.7660131,12653,0.0009291241294704378
1748278826.974162,12679,0.0009290751768276095
1748278841.6421087,12708,0.0009290262823924422
1748278879.1734655,12782,0.0009288990404456854
1748278883.7428842,12791,0.0009288892615586519
1748278912.1363702,12847,0.0009287913562729955
1748278917.7399049,12858,0.0009287717984989285
1748278939.588563,12901,0.0009287032880820334
1748278941.610171,12905,0.0009286935091949999
1748278950.2743528,12922,0.0009286641725338995
1748278961.4126773,12944,0.0009286250569857657
1748278975.6368089,12972,0.0009285761043429375
1748278977.6889234,12976,0.000928566325455904
1748278980.233007,12981,0.0009285565465688705
1748278988.3962004,12997,0.0009285369887948036
1748278995.011828,13010,0.0009285174310207367
1748279002.1427844,13024,0.0009284978732466698
1748279004.1815321,13028,0.0009284880361519754
1748279008.2875931,13036,0.0009284684783779085
1748279008.796491,13037,0.0009284684783779085
1748279013.8826854,13047,0.0009284489206038415
1748279014.3917875,13048,0.0009284489206038415
1748279034.882813,13088,0.0009283804683946073
1748279036.919381,13092,0.0009283706895075738
1748279086.004812,13188,0.0009282043902203441
1748279097.198812,13210,0.0009281652746722102
1748279105.8367186,13227,0.0009281359380111098
1748279109.3919363,13234,0.0009281261591240764
1748279113.9737859,13243,0.0009281066013500094
1748279117.527953,13250,0.000928096822462976
1748279123.1159213,13261,0.000928077264688909
1748279140.3756895,13295,0.0009280185913667083
1748279144.9401362,13304,0.0009279990335926414
1748279167.7534618,13349,0.0009279208607040346
1748279187.593624,13388,0.0009278524084948003
1748279202.8038797,13418,0.000927803514059633
1748279221.5959756,13455,0.0009277448989450932
1748279255.6753883,13522,0.0009276276105083525
1748279260.242909,13531,0.0009276178316213191
1748279260.7498314,13532,0.0009276080527342856
1748279269.9224217,13550,0.0009275787160731852
1748279274.0030072,13558,0.0009275689371861517
1748279283.1478615,13576,0.0009275298798456788
1748279289.2470164,13588,0.0009275103220716119
1748279307.109431,13623,0.000927451706957072
1748279316.790319,13642,0.0009274223702959716
1748279317.802614,13644,0.0009274125914089382
1748279318.8116837,13646,0.0009274125914089382
1748279319.31793,13647,0.0009274125914089382
1748279325.909848,13660,0.0009273833129554987
1748279347.2227318,13702,0.0009273149189539254
1748279354.340965,13716,0.000927285582292825
1748279364.5384958,13736,0.0009272562456317246
1748279376.2130816,13759,0.0009272171882912517
1748279398.1322834,13802,0.0009271390736103058
1748279412.9141772,13831,0.0009270901791751385
1748279422.223026,13849,0.0009270511218346655
1748279434.9264464,13874,0.0009270120644941926
1748279443.0526907,13890,0.0009269925067201257
1748279456.2477896,13916,0.0009269436704926193
1748279484.3947883,13971,0.0009268557769246399
1748279488.953029,13980,0.0009268362773582339
1748279502.171274,14006,0.0009267874411307275
1748279516.915545,14035,0.0009267386049032211
1748279522.4858685,14046,0.0009267191053368151
1748279550.90075,14102,0.0009266214910894632
1748279556.484848,14113,0.0009266019333153963
1748279563.6032104,14127,0.0009265824337489903
1748279566.6695032,14133,0.0009265726548619568
1748279570.2081075,14140,0.0009265531552955508
1748279579.3245008,14158,0.0009265238186344504
1748279588.9378574,14177,0.000926494540181011
1748279594.4896445,14188,0.000926475040614605
1748279597.5201447,14194,0.0009264652617275715
1748279603.6500125,14206,0.0009264457621611655
1748279609.2787733,14217,0.0009264262043870986
1748279612.3262908,14223,0.000926416483707726
1748279612.8331177,14224,0.0009264067048206925
1748279630.1048617,14258,0.0009263481479138136
1748279633.6552684,14265,0.0009263383690267801
1748279676.352901,14349,0.0009262017556466162
1748279678.8871684,14354,0.0009261919767595828
1748279682.4460127,14361,0.0009261822560802102
1748279684.9717464,14366,0.0009261724771931767
1748279685.4762418,14367,0.0009261724771931767
1748279689.5250037,14375,0.0009261529776267707
1748279701.693179,14399,0.0009261139202862978
1748279702.1969185,14400,0.0009261139202862978
1748279704.7245207,14405,0.0009261041996069252
1748279711.844358,14419,0.0009260846418328583
1748279715.9308455,14427,0.0009260651422664523
1748279716.437765,14428,0.0009260651422664523
1748279720.4921892,14436,0.0009260553633794188
1748279750.0635095,14494,0.0009259480866603553
1748279751.0792062,14496,0.0009259480866603553
1748279770.8632014,14535,0.0009258797508664429
1748279771.37114,14536,0.0009258797508664429
1748279777.4789822,14548,0.0009258505306206644
1748279792.2323139,14577,0.0009258017526008189
1748279815.6228201,14623,0.0009257236961275339
1748279826.8406868,14645,0.0009256846969947219
1748279865.990165,14722,0.0009255481418222189
1748279877.6878042,14745,0.0009255091426894069
1748279885.303573,14760,0.0009254799224436283
1748279893.944071,14777,0.0009254604228772223
1748279898.0079005,14785,0.0009254506439901888
1748279915.2942703,14819,0.0009253921452909708
1748279925.9478867,14840,0.0009253531461581588
1748279931.5235913,14851,0.0009253336465917528
1748279938.1485603,14864,0.0009253141470253468
1748279940.1972463,14868,0.0009253044263459742
1748279955.9689908,14899,0.0009252556483261287
1748279958.5168478,14904,0.0009252459276467562
1748279961.5568063,14910,0.0009252361487597227
1748279967.1655946,14921,0.0009252166491933167
1748279969.1942809,14925,0.0009252069285139441
1748279976.838874,14940,0.0009251776500605047
1748279983.9408116,14954,0.0009251582087017596
1748280017.0540614,15019,0.0009250412113033235
1748280040.4939888,15065,0.0009249632712453604
1748280041.002514,15066,0.0009249632712453604
1748280043.0329742,15070,0.0009249534923583269
1748280057.3175187,15098,0.0009249047725461423
1748280063.3944287,15110,0.0009248852729797363
1748280068.493781,15120,0.0009248657734133303
1748280070.5227954,15124,0.0009248657734133303
1748280077.6499677,15138,0.0009248365531675518
1748280085.247914,15153,0.0009248073329217732
1748280096.9150937,15176,0.0009247683919966221
1748280101.4735548,15185,0.0009247488924302161
1748280108.575374,15199,0.0009247293928638101
1748280168.971869,15318,0.0009245637920685112
1748280177.122205,15334,0.0009245637920685112
1748280184.3052921,15348,0.0009245637920685112
1748280191.4730775,15362,0.0009245637920685112
1748280196.064818,15371,0.0009245637920685112
1748280210.8332887,15400,0.0009245637920685112
1748280220.595651,15419,0.0009245637920685112
1748280228.7537653,15435,0.0009245637920685112
1748280231.8339365,15441,0.0009245637920685112
1748280239.4668503,15456,0.0009245637920685112
1748280242.5733716,15462,0.0009245637920685112
1748280256.8338275,15490,0.0009245637920685112
1748280257.857675,15492,0.0009245637920685112
1748280261.9112654,15500,0.0009245637920685112
1748280276.6942012,15529,0.0009245637920685112
1748280317.9973762,15610,0.0009245637920685112
1748280329.6718547,15633,0.0009245637920685112
1748280332.2034547,15638,0.0009245637920685112
1748280347.4626775,15668,0.0009245637920685112
1748280363.803848,15700,0.0009245637920685112
1748280369.9560313,15712,0.0009245637920685112
1748280375.0486267,15722,0.0009245637920685112
1748280388.7887921,15749,0.0009245637920685112
1748280394.4293993,15760,0.0009245637920685112
1748280406.1540732,15783,0.0009245637920685112
1748280409.716787,15790,0.0009245637920685112
1748280411.239031,15793,0.0009245637920685112
1748280415.3226366,15801,0.0009245637920685112
1748280417.8680596,15806,0.0009245637920685112
1748280421.9187436,15814,0.0009245637920685112
1748280424.9601283,15820,0.0009245637920685112
1748280430.549518,15831,0.0009245637920685112
1748280452.0383017,15873,0.0009245637920685112
1748280453.0450504,15875,0.0009245637920685112
1748280476.5512059,15921,0.0009245637920685112
1748280477.077151,15922,0.0009245637920685112
1748280497.4497395,15962,0.0009245637920685112
1748280506.5897317,15980,0.0009245637920685112
1748280523.435003,16013,0.0009245637920685112
1748280533.09395,16032,0.0009245637920685112
1748280538.264174,16042,0.0009245637920685112
1748280555.5671265,16076,0.0009245637920685112
1748280570.3496988,16105,0.0009245637920685112
1748280576.430627,16117,0.0009245637920685112
1748280580.4939294,16125,0.0009245637920685112
1748280593.2617068,16150,0.0009245637920685112
1748280611.015873,16185,0.0009245637920685112
1748280611.5194056,16186,0.0009245637920685112
1748280637.0605595,16236,0.0009245637920685112
1748280638.597071,16239,0.0009245637920685112
1748280639.6303318,16241,0.0009245637920685112
1748280642.73287,16247,0.0009245637920685112
1748280676.4499338,16313,0.0009245637920685112
1748280692.3011484,16344,0.0009245637920685112
1748280693.311789,16346,0.0009245637920685112
1748280716.7329655,16392,0.0009245637920685112
1748280718.2469091,16395,0.0009245637920685112
1748280726.4185333,16411,0.0009245637920685112
1748280726.9371617,16412,0.0009245637920685112
1748280727.949647,16414,0.0009245637920685112
1748280734.5591824,16427,0.0009245637920685112
1748280763.6183019,16484,0.0009245637920685112
1748280765.132835,16487,0.0009245637920685112
1748280799.37952,16554,0.0009245637920685112
1748280824.480366,16603,0.0009245637920685112
1748280825.5012312,16605,0.0009245637920685112
1748280830.615238,16615,0.0009245637920685112
1748280848.45656,16650,0.0009245637920685112
1748280853.077816,16659,0.0009245637920685112
1748280889.8019257,16731,0.0009245637920685112
1748280891.857894,16735,0.0009245637920685112
1748280921.3822243,16793,0.0009245637920685112
1748280933.128508,16816,0.0009245637920685112
1748280942.3499966,16834,0.0009245637920685112
1748280957.5767722,16864,0.0009245637920685112
1748280958.58229,16866,0.0009245637920685112
1748280965.6690874,16880,0.0009245637920685112
1748280967.1957786,16883,0.0009245637920685112
1748280979.3807929,16907,0.0009245637920685112
1748280999.686734,16947,0.0009245637920685112
1748281001.7048042,16951,0.0009245637920685112
1748281027.6817791,17002,0.0009245637920685112
1748281034.814414,17016,0.0009245637920685112
1748281048.6736956,17043,0.0009245637920685112
1748281054.2671008,17054,0.0009245637920685112
1748281055.803238,17057,0.0009245637920685112
1748281065.473725,17076,0.0009245637920685112
1748281087.9107435,17120,0.0009245637920685112
1748281090.9498215,17126,0.0009245637920685112
1748281091.4534235,17127,0.0009245637920685112
1748281099.5958107,17143,0.0009245637920685112
1748281105.7323077,17155,0.0009245637920685112
1748281124.0463035,17191,0.0009245637920685112
1748281132.2266934,17207,0.0009245637920685112
1748281143.4297404,17229,0.0009245637920685112
1748281144.472311,17231,0.0009245637920685112
1748281154.1372318,17250,0.0009245637920685112
1748281160.7402208,17263,0.0009245637920685112
1748281161.259146,17264,0.0009245637920685112
1748281162.2771666,17266,0.0009245637920685112
1748281165.8694005,17273,0.0009245637920685112
1748281169.965255,17281,0.0009245637920685112
1748281227.5536113,17394,0.0009245637920685112
1748281242.3689423,17423,0.0009245637920685112
1748281246.4251037,17431,0.0009245637920685112
1748281246.9297655,17432,0.0009245637920685112
1748281289.139934,17515,0.000924446911085397
1748281292.706198,17522,0.0009244371321983635
1748281313.5970862,17563,0.0009243689710274339
1748281341.247798,17617,0.0009242715896107256
1748281348.860121,17632,0.0009242423693649471
1748281349.364626,17633,0.0009242423693649471
1748281356.979932,17648,0.0009242228697985411
1748281357.4863617,17649,0.0009242131491191685
1748281368.649646,17671,0.00092418392887339
1748281377.2819796,17688,0.0009241547086276114
1748281381.8261087,17697,0.0009241352672688663
1748281399.081195,17731,0.0009240768267773092
1748281414.3049016,17761,0.0009240281651727855
1748281417.881412,17768,0.0009240086656063795
1748281441.2662544,17814,0.0009239307837560773
1748281466.2044272,17863,0.0009238431812264025
1748281471.3211987,17873,0.0009238237398676574
1748281474.8705366,17880,0.0009238140191882849
1748281475.3768406,17881,0.0009238140191882849
1748281477.4034142,17885,0.0009238140191882849
1748281497.2259188,17924,0.0009237555786967278
1748281502.803389,17935,0.0009237361373379827
1748281511.422214,17952,0.0009237069170922041
1748281517.5208504,17964,0.0009236777550540864
1748281538.3846393,18005,0.0009236096520908177
1748281539.9055154,18008,0.0009236096520908177
1748281553.752527,18035,0.000923560990486294
1748281557.2931495,18042,0.0009235512115992606
1748281568.4339647,18064,0.0009235123288817704
1748281576.5391724,18080,0.0009234831086359918
1748281579.066502,18085,0.0009234831086359918
1748281580.5839586,18088,0.0009234733879566193
1748281591.2761986,18109,0.0009234442259185016
1748281597.3922868,18121,0.0009234150056727231
1748281601.4536521,18129,0.0009234052849933505
1748281603.4757376,18133,0.0009234052849933505
1748281605.5039601,18137,0.000923395564313978
1748281641.0159876,18207,0.0009232787997461855
1748281676.120746,18276,0.000923162093386054
1748281690.8592634,18305,0.0009231134899891913
1748281702.5345123,18328,0.0009230745490640402
1748281704.5563192,18332,0.0009230745490640402
1748281711.1663415,18345,0.0009230453870259225
1748281714.2169836,18351,0.00092303566634655
1748281721.8417437,18366,0.0009230162249878049
1748281725.9003713,18374,0.0009229967836290598
1748281741.152827,18404,0.0009229481220245361
1748281741.6593933,18405,0.0009229481220245361
1748281747.7671387,18417,0.0009229189599864185
1748281753.8880358,18429,0.0009228995186276734
1748281757.944825,18437,0.0009228897979483008
1748281761.4937072,18444,0.0009228800772689283
1748281766.5764349,18454,0.0009228606359101832
1748281773.6701515,18468,0.0009228314738720655
1748281780.2637477,18481,0.0009228120325133204
1748281784.852569,18490,0.0009227925911545753
1748281795.2030768,18510,0.0009227633709087968
1748281801.3174534,18522,0.0009227439295500517
1748281811.4913568,18542,0.0009227050468325615
1748281833.8549967,18586,0.0009226272813975811
1748281849.1423655,18616,0.0009225689573213458
1748281850.155192,18618,0.0009225689573213458
1748281851.6755388,18621,0.0009225689573213458
1748281852.2058337,18622,0.0009225592366419733
1748281858.2886531,18634,0.0009225397952832282
1748281860.842829,18639,0.0009225300746038556
1748281863.8763871,18645,0.0009225203539244831
1748281877.5852952,18672,0.0009224717505276203
1748281882.148734,18681,0.0009224620298482478
1748281921.3944664,18758,0.0009223357192240655
1748281921.902316,18759,0.0009223357192240655
1748281924.9500914,18765,0.0009223357192240655
1748281926.4985023,18768,0.000922325998544693
1748281932.6206043,18780,0.0009223065571859479
1748281936.6705859,18788,0.0009222871158272028
1748281940.25207,18795,0.0009222773951478302
1748281956.029381,18826,0.0009222288499586284
1748281979.371901,18872,0.000922151084523648
1748281992.5484369,18898,0.0009221025393344462
1748281995.5835047,18904,0.0009220928186550736
1748281996.0874217,18905,0.0009220928186550736
1748282009.2760892,18931,0.0009220539359375834
1748282013.8324397,18940,0.0009220442152582109
1748282026.6093416,18965,0.0009219956700690091
1748282039.7550116,18991,0.0009219567873515189
1748282041.7806175,18995,0.0009219470666721463
1748282062.5309143,19036,0.0009218693594448268
1748282064.0474577,19039,0.0009218693594448268
1748282075.2898717,19061,0.0009218305349349976
1748282079.366408,19069,0.0009218110935762525
